Id,rating
0,3.0
1,3.5
2,2.5
3,3.5
4,3.5
5,3.0
6,4.0
7,4.0
8,2.5
9,4.0
10,3.5
11,4.0
12,4.0
13,4.5
14,4.0
15,3.0
16,3.5
17,4.0
18,4.0
19,3.0
20,4.0
21,3.0
22,3.5
23,4.5
24,4.0
25,3.5
26,2.5
27,3.0
28,3.5
29,4.0
30,3.5
31,3.5
32,4.0
33,4.0
34,3.5
35,3.0
36,3.5
37,3.5
38,3.0
39,4.0
40,3.0
41,3.5
42,4.0
43,4.0
44,4.5
45,3.5
46,1.5
47,4.0
48,4.5
49,4.0
50,4.5
51,3.5
52,4.5
53,2.0
54,3.5
55,4.0
56,3.0
57,4.0
58,4.0
59,3.0
60,4.5
61,3.5
62,2.0
63,3.0
64,2.5
65,4.0
66,3.0
67,2.5
68,4.5
69,4.0
70,3.5
71,3.0
72,3.5
73,4.0
74,3.5
75,3.5
76,4.0
77,4.0
78,2.5
79,3.5
80,2.5
81,2.5
82,4.5
83,4.5
84,4.0
85,4.0
86,3.0
87,4.0
88,2.5
89,4.5
90,2.5
91,3.5
92,4.0
93,4.0
94,4.0
95,4.0
96,2.5
97,4.5
98,4.0
99,2.0
100,4.0
101,2.5
102,4.0
103,0.5
104,2.5
105,4.5
106,3.5
107,2.5
108,4.0
109,4.0
110,3.5
111,4.5
112,2.5
113,4.5
114,2.5
115,4.0
116,1.5
117,4.5
118,4.0
119,3.0
120,2.0
121,4.5
122,4.0
123,2.5
124,3.5
125,4.5
126,3.0
127,3.5
128,2.5
129,2.5
130,4.0
131,3.5
132,5.0
133,3.0
134,3.5
135,4.0
136,4.0
137,3.0
138,3.5
139,4.5
140,2.5
141,3.0
142,3.5
143,4.0
144,3.0
145,2.0
146,4.5
147,3.5
148,3.5
149,4.5
150,3.5
151,2.5
152,3.5
153,3.5
154,4.0
155,3.0
156,4.0
157,3.0
158,2.5
159,2.5
160,3.5
161,4.0
162,4.5
163,3.5
164,4.0
165,4.0
166,4.0
167,3.5
168,2.5
169,3.0
170,3.5
171,3.0
172,3.5
173,3.5
174,3.5
175,4.5
176,4.0
177,4.0
178,1.5
179,4.0
180,4.0
181,3.5
182,3.5
183,4.0
184,4.0
185,4.5
186,2.5
187,3.5
188,3.5
189,4.0
190,2.0
191,4.0
192,4.0
193,3.5
194,4.0
195,3.0
196,4.5
197,4.0
198,4.0
199,4.0
200,3.5
201,4.0
202,3.5
203,4.0
204,3.5
205,3.5
206,3.0
207,4.5
208,4.0
209,4.0
210,4.0
211,4.0
212,3.0
213,4.0
214,3.5
215,3.5
216,3.0
217,4.0
218,4.0
219,3.0
220,3.5
221,3.5
222,4.0
223,3.0
224,4.5
225,4.0
226,3.0
227,2.0
228,4.5
229,3.0
230,4.0
231,4.5
232,2.0
233,4.0
234,4.5
235,4.5
236,4.0
237,3.5
238,4.0
239,4.0
240,0.5
241,4.0
242,4.0
243,3.5
244,3.5
245,2.0
246,4.0
247,4.5
248,3.5
249,4.0
250,3.5
251,4.5
252,4.0
253,4.0
254,4.5
255,4.0
256,3.5
257,4.0
258,4.0
259,4.5
260,3.5
261,2.5
262,4.5
263,3.0
264,3.0
265,3.5
266,4.0
267,3.5
268,4.0
269,4.0
270,4.5
271,4.5
272,3.0
273,3.0
274,4.5
275,3.0
276,3.5
277,3.5
278,4.0
279,4.5
280,4.0
281,3.5
282,3.5
283,2.5
284,3.0
285,3.5
286,4.0
287,4.0
288,4.5
289,4.5
290,4.0
291,4.5
292,4.5
293,4.5
294,4.5
295,4.0
296,3.0
297,4.0
298,2.5
299,3.5
300,4.5
301,3.5
302,2.5
303,4.0
304,3.5
305,4.5
306,3.0
307,4.0
308,3.0
309,2.0
310,3.0
311,2.5
312,4.0
313,3.0
314,3.5
315,3.5
316,4.5
317,3.5
318,3.5
319,4.0
320,3.5
321,3.0
322,4.0
323,2.5
324,3.5
325,4.0
326,4.5
327,2.0
328,3.5
329,3.5
330,3.0
331,3.0
332,2.5
333,3.5
334,3.0
335,3.5
336,3.5
337,3.5
338,4.0
339,4.0
340,4.0
341,3.5
342,4.0
343,4.0
344,3.0
345,4.0
346,3.0
347,4.0
348,4.0
349,4.5
350,4.5
351,2.5
352,4.0
353,3.5
354,4.5
355,4.0
356,3.5
357,3.5
358,3.0
359,4.0
360,4.0
361,4.0
362,3.5
363,5.0
364,3.5
365,3.0
366,4.5
367,4.0
368,4.0
369,3.5
370,3.0
371,3.0
372,4.5
373,3.5
374,4.0
375,3.5
376,3.0
377,4.0
378,4.5
379,3.5
380,3.5
381,4.5
382,3.5
383,2.0
384,3.5
385,4.5
386,4.0
387,2.0
388,3.0
389,3.5
390,4.5
391,4.0
392,4.0
393,4.0
394,2.5
395,4.0
396,4.0
397,2.5
398,3.0
399,4.0
400,3.0
401,3.5
402,4.5
403,3.0
404,4.5
405,4.5
406,4.0
407,4.5
408,4.0
409,4.5
410,4.5
411,4.0
412,4.5
413,3.0
414,3.5
415,4.5
416,3.5
417,3.5
418,4.0
419,3.5
420,3.5
421,3.5
422,4.0
423,3.5
424,4.0
425,3.5
426,3.0
427,3.5
428,4.0
429,3.0
430,4.0
431,3.5
432,3.5
433,2.5
434,3.5
435,3.5
436,3.0
437,2.5
438,4.0
439,3.0
440,2.0
441,4.0
442,4.5
443,4.0
444,4.0
445,4.0
446,4.0
447,4.0
448,3.5
449,4.0
450,3.5
451,5.0
452,4.0
453,2.0
454,3.5
455,4.0
456,4.5
457,4.5
458,3.5
459,3.0
460,3.5
461,4.5
462,4.0
463,3.0
464,2.0
465,4.0
466,4.0
467,3.5
468,4.5
469,3.5
470,3.5
471,4.0
472,4.0
473,2.0
474,4.0
475,3.0
476,4.0
477,3.5
478,2.5
479,4.0
480,3.0
481,3.0
482,3.5
483,3.5
484,3.5
485,4.5
486,4.0
487,2.5
488,4.0
489,3.5
490,4.0
491,4.0
492,4.0
493,4.0
494,3.5
495,3.5
496,3.0
497,4.0
498,3.5
499,4.5
500,4.5
501,4.0
502,4.0
503,3.0
504,4.0
505,4.5
506,3.0
507,3.0
508,3.5
509,3.5
510,4.0
511,3.5
512,3.5
513,3.0
514,3.0
515,3.5
516,4.5
517,4.0
518,4.0
519,4.0
520,4.0
521,3.0
522,3.5
523,2.5
524,4.0
525,4.0
526,4.5
527,3.5
528,3.5
529,3.5
530,4.0
531,4.0
532,3.0
533,4.5
534,3.5
535,3.5
536,4.0
537,3.0
538,2.5
539,3.0
540,3.0
541,4.0
542,2.5
543,2.5
544,4.5
545,4.0
546,4.0
547,3.5
548,4.0
549,3.5
550,4.0
551,3.0
552,4.5
553,4.5
554,3.0
555,3.5
556,4.5
557,4.0
558,3.5
559,4.5
560,4.0
561,4.5
562,2.5
563,4.0
564,4.0
565,4.0
566,3.5
567,2.5
568,4.0
569,4.0
570,2.5
571,4.5
572,4.0
573,4.5
574,4.0
575,2.0
576,4.0
577,4.0
578,4.0
579,4.0
580,3.5
581,3.5
582,2.5
583,3.0
584,2.5
585,4.5
586,4.0
587,2.0
588,4.0
589,3.0
590,4.5
591,4.5
592,3.5
593,4.0
594,4.0
595,3.5
596,2.0
597,3.5
598,4.5
599,2.5
600,4.5
601,2.5
602,4.0
603,3.5
604,4.5
605,4.0
606,3.5
607,4.0
608,2.0
609,4.0
610,3.5
611,3.5
612,2.5
613,3.0
614,3.0
615,4.0
616,4.5
617,3.0
618,3.5
619,4.0
620,3.0
621,3.5
622,4.5
623,2.5
624,3.0
625,4.5
626,4.5
627,4.0
628,4.0
629,4.5
630,2.5
631,4.0
632,4.0
633,4.5
634,4.0
635,4.0
636,4.0
637,4.0
638,4.0
639,3.0
640,4.0
641,3.5
642,3.0
643,4.0
644,4.0
645,4.5
646,3.0
647,4.0
648,4.5
649,3.5
650,4.5
651,1.5
652,2.5
653,4.0
654,4.0
655,4.0
656,4.0
657,4.0
658,3.5
659,4.0
660,3.0
661,3.5
662,4.5
663,2.0
664,4.5
665,1.5
666,3.0
667,4.5
668,4.0
669,4.5
670,1.5
671,3.5
672,3.5
673,4.5
674,4.0
675,3.0
676,3.5
677,3.0
678,4.5
679,4.0
680,4.0
681,4.0
682,4.0
683,4.5
684,4.0
685,4.0
686,2.5
687,4.0
688,4.0
689,4.0
690,2.5
691,4.0
692,2.5
693,4.5
694,4.0
695,4.5
696,2.5
697,3.5
698,3.0
699,4.0
700,4.0
701,2.5
702,4.0
703,3.5
704,2.5
705,3.5
706,4.0
707,3.5
708,4.0
709,2.0
710,2.5
711,2.5
712,4.0
713,2.0
714,3.0
715,2.5
716,3.0
717,4.0
718,4.5
719,3.5
720,3.5
721,4.0
722,3.0
723,4.5
724,4.0
725,4.0
726,3.5
727,4.0
728,3.5
729,3.5
730,4.5
731,4.5
732,2.5
733,3.0
734,3.5
735,2.5
736,3.5
737,4.5
738,4.5
739,4.0
740,3.0
741,4.0
742,4.0
743,3.5
744,2.5
745,4.5
746,3.0
747,4.5
748,2.0
749,4.0
750,4.0
751,4.0
752,4.5
753,4.5
754,4.5
755,2.5
756,2.0
757,3.5
758,4.5
759,2.5
760,4.5
761,4.0
762,3.5
763,3.5
764,4.0
765,4.5
766,3.0
767,4.5
768,4.0
769,3.5
770,4.0
771,4.5
772,3.5
773,3.0
774,3.0
775,4.5
776,3.5
777,4.5
778,2.5
779,3.5
780,3.0
781,3.0
782,5.0
783,3.0
784,2.0
785,2.5
786,4.5
787,4.0
788,3.0
789,2.5
790,4.0
791,4.0
792,4.5
793,2.5
794,4.0
795,2.0
796,4.0
797,4.5
798,4.0
799,4.5
800,3.0
801,4.0
802,2.5
803,4.0
804,3.5
805,4.0
806,4.0
807,3.5
808,3.5
809,3.5
810,3.5
811,4.0
812,4.0
813,4.0
814,4.5
815,4.0
816,4.0
817,2.5
818,4.0
819,4.0
820,1.5
821,3.5
822,3.5
823,3.5
824,3.5
825,4.0
826,4.5
827,4.0
828,3.5
829,4.0
830,3.5
831,3.0
832,3.0
833,3.0
834,3.0
835,4.0
836,3.0
837,5.0
838,4.0
839,4.0
840,4.0
841,4.0
842,4.0
843,2.5
844,3.0
845,4.5
846,4.0
847,3.0
848,4.5
849,3.5
850,4.0
851,3.5
852,3.5
853,3.5
854,4.0
855,3.0
856,2.5
857,4.0
858,4.5
859,3.5
860,3.0
861,4.5
862,3.0
863,4.0
864,3.0
865,4.5
866,4.0
867,3.0
868,3.5
869,4.0
870,3.5
871,3.5
872,2.0
873,4.0
874,4.5
875,3.5
876,4.0
877,3.5
878,3.5
879,4.0
880,4.0
881,4.0
882,4.0
883,4.5
884,4.0
885,3.0
886,3.5
887,4.0
888,3.5
889,2.5
890,4.0
891,3.5
892,1.5
893,4.5
894,4.0
895,4.5
896,4.0
897,4.5
898,2.5
899,3.5
900,2.5
901,3.5
902,3.5
903,4.5
904,4.0
905,4.0
906,4.5
907,4.0
908,4.5
909,4.0
910,2.0
911,4.0
912,4.0
913,3.5
914,3.5
915,4.0
916,4.5
917,4.0
918,3.0
919,4.0
920,2.5
921,4.0
922,4.0
923,4.0
924,4.5
925,4.0
926,4.0
927,2.5
928,4.0
929,4.5
930,4.0
931,3.5
932,2.0
933,3.0
934,4.0
935,4.0
936,4.0
937,4.5
938,4.0
939,4.5
940,3.0
941,4.5
942,3.0
943,3.0
944,3.0
945,2.0
946,3.0
947,4.0
948,2.5
949,4.5
950,4.0
951,1.5
952,2.0
953,3.5
954,4.5
955,3.5
956,4.5
957,2.0
958,3.5
959,3.5
960,4.5
961,4.0
962,3.0
963,4.0
964,3.5
965,3.5
966,4.5
967,4.0
968,3.5
969,3.0
970,3.5
971,2.5
972,4.5
973,1.5
974,4.0
975,4.0
976,4.0
977,3.0
978,3.0
979,4.5
980,4.0
981,4.0
982,3.0
983,3.0
984,3.0
985,4.0
986,3.5
987,4.0
988,4.0
989,3.5
990,3.5
991,3.5
992,3.0
993,4.0
994,1.5
995,4.0
996,3.5
997,4.5
998,3.0
999,4.0
1000,4.0
1001,2.5
1002,4.0
1003,4.0
1004,4.5
1005,3.5
1006,3.5
1007,3.5
1008,2.5
1009,4.5
1010,4.0
1011,4.0
1012,4.0
1013,3.0
1014,4.0
1015,3.5
1016,2.5
1017,4.0
1018,4.5
1019,4.5
1020,2.0
1021,4.5
1022,2.5
1023,4.0
1024,4.5
1025,4.0
1026,3.0
1027,3.5
1028,4.0
1029,4.0
1030,3.5
1031,2.0
1032,3.5
1033,4.0
1034,3.5
1035,2.5
1036,4.0
1037,3.5
1038,3.0
1039,3.5
1040,3.0
1041,4.0
1042,4.0
1043,3.5
1044,3.5
1045,2.5
1046,4.5
1047,3.5
1048,4.0
1049,3.0
1050,4.5
1051,2.5
1052,4.0
1053,4.0
1054,4.0
1055,3.0
1056,4.0
1057,4.0
1058,4.5
1059,2.0
1060,3.5
1061,3.0
1062,3.5
1063,4.0
1064,3.0
1065,4.0
1066,2.5
1067,4.5
1068,3.5
1069,4.5
1070,3.5
1071,3.5
1072,4.0
1073,4.0
1074,2.5
1075,4.0
1076,3.0
1077,5.0
1078,4.5
1079,3.5
1080,5.0
1081,4.5
1082,4.0
1083,4.5
1084,4.0
1085,4.0
1086,4.0
1087,4.5
1088,4.5
1089,3.0
1090,3.5
1091,4.0
1092,3.0
1093,4.5
1094,3.5
1095,1.5
1096,3.5
1097,2.0
1098,3.0
1099,3.0
1100,3.0
1101,4.5
1102,4.5
1103,3.5
1104,4.0
1105,4.5
1106,4.5
1107,2.5
1108,3.5
1109,1.5
1110,4.0
1111,3.5
1112,3.0
1113,3.5
1114,3.5
1115,3.0
1116,4.5
1117,2.0
1118,3.0
1119,3.5
1120,3.5
1121,4.0
1122,3.5
1123,4.0
1124,4.0
1125,3.5
1126,4.5
1127,3.0
1128,4.0
1129,3.5
1130,3.5
1131,3.5
1132,3.0
1133,3.5
1134,4.0
1135,3.5
1136,4.0
1137,3.5
1138,3.0
1139,4.5
1140,3.5
1141,4.0
1142,3.0
1143,4.0
1144,4.0
1145,4.5
1146,4.5
1147,3.5
1148,4.0
1149,3.0
1150,3.5
1151,2.5
1152,4.0
1153,4.5
1154,3.5
1155,1.5
1156,3.5
1157,3.0
1158,3.0
1159,2.5
1160,3.5
1161,4.0
1162,4.0
1163,3.5
1164,4.5
1165,3.5
1166,3.0
1167,3.5
1168,2.0
1169,2.5
1170,4.5
1171,4.0
1172,4.0
1173,3.0
1174,3.5
1175,4.0
1176,3.0
1177,4.0
1178,4.0
1179,3.5
1180,4.0
1181,4.0
1182,4.0
1183,4.0
1184,4.0
1185,3.0
1186,2.5
1187,3.5
1188,4.0
1189,3.5
1190,4.0
1191,3.5
1192,3.5
1193,3.5
1194,4.5
1195,3.0
1196,3.5
1197,4.0
1198,4.0
1199,4.0
1200,3.0
1201,4.0
1202,2.0
1203,4.0
1204,4.0
1205,4.5
1206,3.5
1207,3.5
1208,4.0
1209,4.0
1210,2.5
1211,4.0
1212,3.0
1213,1.5
1214,4.0
1215,2.0
1216,4.5
1217,3.5
1218,1.5
1219,4.0
1220,4.0
1221,4.0
1222,3.0
1223,4.0
1224,2.5
1225,5.0
1226,4.5
1227,4.0
1228,1.5
1229,4.0
1230,3.5
1231,1.5
1232,3.0
1233,2.5
1234,3.5
1235,3.5
1236,3.0
1237,4.0
1238,4.0
1239,3.5
1240,2.0
1241,4.0
1242,3.5
1243,3.0
1244,4.0
1245,4.0
1246,3.5
1247,5.0
1248,3.5
1249,2.5
1250,4.0
1251,4.0
1252,4.5
1253,4.0
1254,4.0
1255,3.5
1256,4.0
1257,2.5
1258,3.5
1259,4.0
1260,3.5
1261,3.0
1262,3.5
1263,3.0
1264,4.0
1265,3.5
1266,4.0
1267,3.5
1268,3.0
1269,4.0
1270,2.5
1271,4.0
1272,4.0
1273,3.0
1274,3.0
1275,3.5
1276,3.5
1277,3.5
1278,4.0
1279,4.0
1280,3.5
1281,3.5
1282,3.0
1283,2.5
1284,2.0
1285,0.5
1286,4.0
1287,2.5
1288,3.0
1289,4.5
1290,3.0
1291,4.5
1292,4.5
1293,2.5
1294,4.0
1295,4.5
1296,4.0
1297,3.5
1298,2.5
1299,4.0
1300,4.0
1301,4.0
1302,3.0
1303,4.0
1304,4.0
1305,4.5
1306,3.5
1307,4.0
1308,3.0
1309,4.0
1310,4.0
1311,3.5
1312,3.5
1313,3.5
1314,3.0
1315,4.0
1316,4.5
1317,3.5
1318,2.5
1319,4.0
1320,3.0
1321,4.0
1322,4.0
1323,5.0
1324,3.0
1325,3.0
1326,4.0
1327,3.5
1328,4.0
1329,3.0
1330,4.0
1331,3.0
1332,4.0
1333,3.0
1334,3.5
1335,4.0
1336,2.5
1337,3.5
1338,4.0
1339,4.5
1340,3.5
1341,3.0
1342,2.5
1343,0.5
1344,3.5
1345,4.5
1346,4.5
1347,3.5
1348,4.0
1349,3.5
1350,3.5
1351,4.5
1352,3.0
1353,4.0
1354,4.0
1355,3.5
1356,2.0
1357,3.5
1358,4.5
1359,2.5
1360,4.0
1361,3.5
1362,4.0
1363,3.0
1364,3.5
1365,4.0
1366,3.5
1367,3.0
1368,3.5
1369,3.0
1370,3.5
1371,4.0
1372,4.5
1373,4.0
1374,4.0
1375,5.0
1376,3.5
1377,3.5
1378,3.5
1379,3.5
1380,4.0
1381,4.5
1382,4.0
1383,2.0
1384,3.0
1385,3.5
1386,3.5
1387,4.0
1388,3.5
1389,3.5
1390,3.5
1391,3.0
1392,2.5
1393,3.0
1394,2.5
1395,4.0
1396,4.0
1397,4.0
1398,2.5
1399,3.5
1400,2.0
1401,2.0
1402,3.5
1403,4.0
1404,4.5
1405,2.5
1406,4.0
1407,4.5
1408,3.5
1409,3.0
1410,3.5
1411,2.5
1412,4.5
1413,4.0
1414,3.5
1415,3.0
1416,3.5
1417,2.0
1418,1.5
1419,3.5
1420,4.5
1421,3.0
1422,3.0
1423,4.0
1424,4.5
1425,3.5
1426,4.0
1427,3.0
1428,3.0
1429,4.0
1430,4.0
1431,2.5
1432,2.0
1433,2.0
1434,3.5
1435,5.0
1436,4.0
1437,4.5
1438,4.0
1439,4.5
1440,4.5
1441,3.0
1442,4.5
1443,3.5
1444,4.0
1445,3.5
1446,3.0
1447,3.5
1448,3.0
1449,2.5
1450,3.5
1451,3.0
1452,2.5
1453,4.0
1454,4.0
1455,5.0
1456,4.0
1457,3.5
1458,3.0
1459,2.5
1460,3.5
1461,3.0
1462,4.5
1463,4.5
1464,4.0
1465,2.5
1466,4.0
1467,4.0
1468,4.0
1469,4.0
1470,3.0
1471,4.5
1472,2.0
1473,2.5
1474,4.5
1475,4.0
1476,2.0
1477,3.0
1478,4.0
1479,3.0
1480,4.0
1481,3.0
1482,4.5
1483,4.0
1484,4.5
1485,4.5
1486,3.5
1487,3.5
1488,4.0
1489,4.0
1490,2.5
1491,4.0
1492,4.0
1493,4.0
1494,3.5
1495,3.0
1496,4.0
1497,3.0
1498,4.5
1499,4.5
1500,3.5
1501,2.5
1502,3.5
1503,4.5
1504,3.5
1505,4.0
1506,3.0
1507,2.5
1508,4.5
1509,4.0
1510,4.0
1511,3.5
1512,3.5
1513,3.0
1514,4.5
1515,4.0
1516,3.5
1517,4.0
1518,3.0
1519,3.0
1520,3.5
1521,4.5
1522,4.0
1523,4.0
1524,4.5
1525,1.5
1526,4.0
1527,3.5
1528,4.0
1529,4.0
1530,4.0
1531,4.0
1532,2.5
1533,2.5
1534,4.0
1535,4.0
1536,4.0
1537,4.5
1538,3.5
1539,3.0
1540,4.0
1541,2.5
1542,4.0
1543,4.5
1544,4.0
1545,4.0
1546,3.5
1547,4.5
1548,3.5
1549,4.0
1550,3.5
1551,2.5
1552,3.5
1553,4.5
1554,4.0
1555,4.0
1556,3.5
1557,3.5
1558,4.0
1559,3.5
1560,3.5
1561,3.0
1562,4.5
1563,4.0
1564,3.5
1565,4.5
1566,3.0
1567,3.5
1568,3.5
1569,2.5
1570,4.0
1571,4.0
1572,4.5
1573,4.5
1574,4.0
1575,3.5
1576,4.0
1577,4.0
1578,3.5
1579,4.5
1580,4.0
1581,1.5
1582,3.0
1583,4.0
1584,3.0
1585,4.5
1586,4.0
1587,3.5
1588,3.5
1589,3.0
1590,4.0
1591,4.5
1592,4.0
1593,3.5
1594,3.5
1595,4.0
1596,3.5
1597,4.0
1598,4.5
1599,4.0
1600,4.0
1601,3.5
1602,3.5
1603,3.0
1604,3.0
1605,4.0
1606,4.5
1607,3.0
1608,4.5
1609,4.0
1610,4.5
1611,2.5
1612,3.0
1613,4.0
1614,4.5
1615,4.0
1616,3.5
1617,4.0
1618,3.0
1619,2.5
1620,3.0
1621,4.0
1622,4.0
1623,4.5
1624,3.0
1625,3.0
1626,3.0
1627,4.0
1628,2.0
1629,4.0
1630,3.5
1631,4.0
1632,3.5
1633,4.0
1634,2.5
1635,3.0
1636,2.5
1637,5.0
1638,4.0
1639,4.0
1640,3.5
1641,4.5
1642,3.5
1643,3.0
1644,3.5
1645,4.0
1646,4.5
1647,3.5
1648,4.0
1649,3.5
1650,4.0
1651,3.5
1652,4.5
1653,4.0
1654,3.5
1655,3.5
1656,4.0
1657,4.5
1658,3.5
1659,4.0
1660,5.0
1661,3.0
1662,3.0
1663,4.5
1664,1.5
1665,4.0
1666,4.0
1667,3.0
1668,3.5
1669,2.5
1670,4.0
1671,3.5
1672,3.5
1673,3.5
1674,4.0
1675,4.0
1676,4.5
1677,3.5
1678,4.0
1679,2.5
1680,3.0
1681,4.0
1682,3.0
1683,3.5
1684,4.5
1685,4.0
1686,4.0
1687,4.5
1688,3.0
1689,3.5
1690,2.5
1691,4.5
1692,3.0
1693,3.0
1694,3.0
1695,3.0
1696,4.0
1697,3.0
1698,4.5
1699,3.5
1700,4.0
1701,4.5
1702,4.0
1703,4.5
1704,4.0
1705,3.0
1706,3.5
1707,2.5
1708,4.0
1709,4.5
1710,3.5
1711,4.5
1712,3.5
1713,3.5
1714,4.0
1715,4.0
1716,4.5
1717,3.5
1718,3.0
1719,4.5
1720,4.5
1721,3.5
1722,2.0
1723,3.0
1724,4.0
1725,4.0
1726,4.0
1727,3.5
1728,4.5
1729,3.5
1730,5.0
1731,4.0
1732,3.0
1733,3.5
1734,4.5
1735,4.0
1736,2.5
1737,3.5
1738,4.0
1739,3.0
1740,4.0
1741,3.0
1742,5.0
1743,3.5
1744,4.5
1745,3.0
1746,4.5
1747,3.5
1748,4.0
1749,3.0
1750,2.0
1751,3.5
1752,4.0
1753,3.5
1754,3.5
1755,4.0
1756,4.0
1757,3.5
1758,4.0
1759,3.5
1760,4.5
1761,2.5
1762,4.5
1763,3.5
1764,2.5
1765,4.5
1766,3.5
1767,2.0
1768,3.5
1769,4.0
1770,4.5
1771,3.5
1772,3.5
1773,3.0
1774,4.5
1775,4.0
1776,4.5
1777,3.5
1778,2.0
1779,4.0
1780,3.5
1781,2.0
1782,2.0
1783,4.5
1784,4.5
1785,4.5
1786,3.5
1787,3.0
1788,4.0
1789,4.0
1790,4.5
1791,3.0
1792,3.5
1793,3.5
1794,3.5
1795,2.5
1796,3.5
1797,3.0
1798,4.0
1799,3.5
1800,3.5
1801,4.0
1802,4.0
1803,4.5
1804,2.5
1805,2.5
1806,2.5
1807,4.0
1808,4.0
1809,2.5
1810,3.5
1811,2.5
1812,3.0
1813,4.0
1814,4.5
1815,2.5
1816,3.5
1817,1.5
1818,4.5
1819,4.0
1820,4.5
1821,3.5
1822,2.5
1823,3.5
1824,4.0
1825,3.5
1826,2.5
1827,4.5
1828,3.0
1829,4.0
1830,1.5
1831,3.5
1832,4.0
1833,3.0
1834,3.5
1835,3.5
1836,3.5
1837,4.5
1838,4.0
1839,3.0
1840,4.5
1841,3.5
1842,3.5
1843,4.5
1844,4.5
1845,4.0
1846,3.0
1847,4.0
1848,3.5
1849,3.5
1850,3.5
1851,3.5
1852,3.0
1853,4.0
1854,4.5
1855,4.5
1856,4.0
1857,4.0
1858,4.0
1859,4.0
1860,3.0
1861,4.5
1862,3.5
1863,4.0
1864,4.5
1865,3.5
1866,4.0
1867,4.0
1868,4.0
1869,2.0
1870,3.0
1871,4.5
1872,4.5
1873,4.0
1874,4.5
1875,3.5
1876,2.5
1877,3.5
1878,4.0
1879,3.5
1880,4.0
1881,3.0
1882,3.5
1883,3.5
1884,4.0
1885,3.5
1886,4.0
1887,4.5
1888,4.5
1889,4.0
1890,4.5
1891,3.5
1892,4.5
1893,4.0
1894,3.0
1895,4.0
1896,4.5
1897,4.0
1898,4.0
1899,4.0
1900,3.5
1901,3.5
1902,3.0
1903,3.0
1904,4.0
1905,4.0
1906,4.5
1907,1.5
1908,4.0
1909,4.0
1910,2.5
1911,2.5
1912,3.5
1913,2.0
1914,3.5
1915,5.0
1916,4.0
1917,3.5
1918,3.0
1919,3.5
1920,3.5
1921,4.0
1922,2.5
1923,3.0
1924,3.5
1925,3.0
1926,3.0
1927,4.0
1928,4.0
1929,3.0
1930,5.0
1931,3.5
1932,4.0
1933,2.5
1934,4.5
1935,3.0
1936,3.5
1937,2.0
1938,4.0
1939,3.5
1940,3.5
1941,3.0
1942,3.0
1943,3.5
1944,4.0
1945,4.0
1946,4.0
1947,4.5
1948,3.0
1949,3.5
1950,4.5
1951,3.0
1952,4.0
1953,4.0
1954,4.5
1955,3.5
1956,4.0
1957,3.5
1958,4.5
1959,4.5
1960,3.0
1961,4.0
1962,3.5
1963,3.5
1964,3.0
1965,3.5
1966,4.0
1967,4.5
1968,2.5
1969,3.5
1970,3.5
1971,4.0
1972,2.5
1973,4.0
1974,3.0
1975,3.5
1976,3.0
1977,3.5
1978,3.5
1979,3.0
1980,4.5
1981,4.5
1982,4.5
1983,4.0
1984,3.5
1985,4.0
1986,4.0
1987,4.0
1988,3.0
1989,4.0
1990,4.0
1991,3.5
1992,3.5
1993,3.5
1994,4.0
1995,3.5
1996,4.0
1997,3.5
1998,4.5
1999,4.0
2000,3.5
2001,1.5
2002,4.5
2003,4.5
2004,3.0
2005,4.0
2006,4.0
2007,2.5
2008,4.0
2009,1.0
2010,3.5
2011,4.0
2012,3.0
2013,3.0
2014,4.5
2015,2.5
2016,4.0
2017,3.5
2018,2.0
2019,3.0
2020,5.0
2021,3.5
2022,3.0
2023,3.0
2024,3.0
2025,3.5
2026,3.0
2027,3.5
2028,4.0
2029,4.0
2030,4.0
2031,3.5
2032,2.5
2033,4.0
2034,3.0
2035,4.0
2036,3.0
2037,3.5
2038,3.5
2039,4.0
2040,4.5
2041,4.5
2042,2.5
2043,4.5
2044,1.5
2045,4.0
2046,2.0
2047,3.5
2048,4.0
2049,4.0
2050,3.0
2051,3.0
2052,4.0
2053,3.5
2054,4.5
2055,3.5
2056,3.5
2057,3.5
2058,4.0
2059,4.0
2060,4.0
2061,4.0
2062,4.5
2063,4.0
2064,5.0
2065,2.0
2066,3.5
2067,3.0
2068,4.0
2069,3.5
2070,4.0
2071,3.0
2072,3.5
2073,4.0
2074,4.5
2075,4.0
2076,4.0
2077,3.0
2078,3.0
2079,3.5
2080,4.5
2081,4.5
2082,3.5
2083,4.0
2084,3.5
2085,4.5
2086,3.5
2087,3.5
2088,4.0
2089,3.5
2090,4.0
2091,3.5
2092,3.5
2093,2.5
2094,2.5
2095,3.5
2096,2.0
2097,4.0
2098,5.0
2099,4.0
2100,3.0
2101,4.5
2102,3.0
2103,3.0
2104,3.0
2105,3.0
2106,4.0
2107,3.5
2108,4.5
2109,3.0
2110,3.5
2111,3.5
2112,4.0
2113,4.0
2114,4.0
2115,4.0
2116,4.5
2117,4.0
2118,4.5
2119,2.5
2120,3.5
2121,3.0
2122,3.0
2123,2.5
2124,4.0
2125,4.5
2126,3.5
2127,4.0
2128,3.0
2129,3.0
2130,3.0
2131,4.5
2132,4.0
2133,4.0
2134,4.0
2135,3.5
2136,2.5
2137,3.0
2138,3.5
2139,3.0
2140,4.0
2141,3.5
2142,3.5
2143,4.5
2144,1.5
2145,4.5
2146,3.5
2147,3.5
2148,3.5
2149,4.5
2150,4.0
2151,3.0
2152,4.5
2153,4.0
2154,3.5
2155,3.0
2156,4.0
2157,4.0
2158,4.5
2159,2.5
2160,3.5
2161,4.0
2162,3.0
2163,3.0
2164,4.0
2165,2.0
2166,3.0
2167,4.0
2168,4.5
2169,3.5
2170,2.0
2171,2.5
2172,4.5
2173,3.5
2174,4.0
2175,2.0
2176,3.5
2177,4.0
2178,4.0
2179,3.0
2180,3.5
2181,4.0
2182,4.5
2183,4.5
2184,2.5
2185,3.0
2186,4.0
2187,4.0
2188,1.0
2189,4.0
2190,4.0
2191,3.0
2192,3.5
2193,4.0
2194,3.5
2195,2.5
2196,4.5
2197,4.0
2198,4.5
2199,4.5
2200,4.0
2201,4.0
2202,4.0
2203,4.0
2204,2.5
2205,3.5
2206,4.0
2207,2.0
2208,4.5
2209,4.0
2210,4.5
2211,3.0
2212,3.5
2213,4.0
2214,4.0
2215,4.0
2216,3.5
2217,2.5
2218,3.0
2219,4.0
2220,4.0
2221,1.5
2222,4.0
2223,4.0
2224,3.5
2225,4.5
2226,3.5
2227,3.5
2228,3.0
2229,4.0
2230,3.0
2231,2.5
2232,4.0
2233,3.5
2234,4.0
2235,4.0
2236,4.5
2237,4.5
2238,4.0
2239,3.5
2240,4.0
2241,4.0
2242,4.0
2243,4.0
2244,3.5
2245,3.0
2246,3.0
2247,4.0
2248,3.5
2249,4.5
2250,4.5
2251,3.0
2252,4.5
2253,4.0
2254,1.5
2255,2.5
2256,2.5
2257,3.0
2258,4.5
2259,4.0
2260,3.5
2261,3.0
2262,3.0
2263,4.0
2264,4.0
2265,3.5
2266,3.5
2267,4.0
2268,4.0
2269,4.5
2270,4.0
2271,4.0
2272,4.0
2273,3.5
2274,4.5
2275,3.0
2276,4.0
2277,2.5
2278,4.0
2279,4.5
2280,2.5
2281,1.5
2282,3.5
2283,2.5
2284,4.5
2285,3.5
2286,3.0
2287,3.5
2288,4.0
2289,4.0
2290,5.0
2291,4.0
2292,3.5
2293,4.5
2294,4.5
2295,4.0
2296,3.5
2297,2.5
2298,4.5
2299,4.0
2300,5.0
2301,3.0
2302,4.0
2303,4.0
2304,3.0
2305,3.0
2306,3.0
2307,3.0
2308,2.5
2309,4.0
2310,3.0
2311,3.0
2312,4.0
2313,4.5
2314,3.5
2315,4.0
2316,3.0
2317,3.5
2318,4.0
2319,3.5
2320,4.0
2321,5.0
2322,4.5
2323,3.5
2324,1.5
2325,4.0
2326,4.0
2327,4.0
2328,3.0
2329,4.0
2330,4.0
2331,3.5
2332,2.0
2333,4.0
2334,5.0
2335,4.0
2336,3.5
2337,3.5
2338,3.5
2339,4.5
2340,4.0
2341,4.5
2342,3.0
2343,4.0
2344,4.5
2345,3.5
2346,5.0
2347,3.5
2348,4.0
2349,3.5
2350,2.5
2351,4.0
2352,2.5
2353,3.0
2354,4.5
2355,4.0
2356,4.0
2357,3.5
2358,3.0
2359,3.5
2360,3.5
2361,3.5
2362,4.0
2363,3.0
2364,4.0
2365,2.5
2366,3.0
2367,4.0
2368,2.5
2369,3.0
2370,3.5
2371,4.5
2372,4.0
2373,4.5
2374,4.0
2375,4.0
2376,4.5
2377,3.5
2378,2.5
2379,4.5
2380,5.0
2381,2.5
2382,3.0
2383,3.0
2384,3.0
2385,3.5
2386,4.5
2387,4.5
2388,4.5
2389,4.0
2390,4.0
2391,4.0
2392,4.0
2393,3.0
2394,2.0
2395,4.5
2396,4.5
2397,4.0
2398,4.0
2399,3.0
2400,4.0
2401,4.5
2402,4.5
2403,4.5
2404,3.5
2405,3.5
2406,2.5
2407,4.0
2408,3.5
2409,2.5
2410,4.5
2411,4.0
2412,3.5
2413,4.0
2414,4.0
2415,3.0
2416,4.5
2417,3.0
2418,3.5
2419,4.0
2420,4.0
2421,2.5
2422,3.0
2423,4.0
2424,4.5
2425,3.0
2426,4.5
2427,3.5
2428,2.5
2429,3.5
2430,3.5
2431,3.0
2432,4.0
2433,3.0
2434,4.5
2435,3.0
2436,4.5
2437,4.0
2438,2.5
2439,3.5
2440,3.5
2441,4.5
2442,4.0
2443,3.5
2444,4.5
2445,3.5
2446,3.5
2447,4.0
2448,4.5
2449,4.0
2450,3.0
2451,3.0
2452,3.0
2453,3.0
2454,2.0
2455,3.0
2456,4.0
2457,4.0
2458,4.0
2459,2.5
2460,4.0
2461,3.5
2462,4.5
2463,4.0
2464,4.0
2465,3.5
2466,3.0
2467,4.5
2468,4.0
2469,3.0
2470,2.5
2471,4.0
2472,3.5
2473,4.0
2474,3.5
2475,4.5
2476,4.5
2477,3.5
2478,4.5
2479,3.5
2480,3.0
2481,3.5
2482,3.0
2483,3.0
2484,3.5
2485,4.5
2486,3.0
2487,4.0
2488,3.0
2489,2.5
2490,3.0
2491,3.5
2492,4.0
2493,4.0
2494,3.5
2495,4.0
2496,3.5
2497,3.5
2498,2.0
2499,4.5
2500,3.5
2501,4.0
2502,4.5
2503,4.0
2504,4.0
2505,3.5
2506,3.5
2507,4.5
2508,4.0
2509,4.0
2510,4.0
2511,4.5
2512,4.0
2513,4.5
2514,3.0
2515,3.0
2516,3.5
2517,1.5
2518,3.0
2519,4.0
2520,3.5
2521,2.5
2522,1.0
2523,3.0
2524,4.0
2525,3.5
2526,3.0
2527,4.0
2528,4.0
2529,4.0
2530,3.5
2531,3.0
2532,2.5
2533,2.5
2534,4.5
2535,4.0
2536,3.0
2537,3.0
2538,4.5
2539,3.0
2540,3.0
2541,2.0
2542,4.0
2543,4.0
2544,4.0
2545,4.5
2546,2.0
2547,4.0
2548,4.5
2549,4.0
2550,4.0
2551,4.5
2552,4.0
2553,3.5
2554,4.0
2555,4.0
2556,3.5
2557,2.0
2558,4.5
2559,4.5
2560,3.5
2561,4.0
2562,2.5
2563,4.0
2564,3.5
2565,3.0
2566,2.0
